{
    "Анкара": {
        "lon": 32.86667,
        "lat": 39.86667
    },
    "Петрозаводск": {
        "lon": 34.34917,
        "lat": 61.79611
    },
    "Альметьевск": {
        "lon": 52.3,
        "lat": 54.9
    },
    "Бонн": {
        "lon": 7.09972,
        "lat": 50.73389
    },
    "Братск": {
        "lon": 101.6,
        "lat": 56.11667
    },
    "Токио": {
        "lon": 139.6,
        "lat": 35.7
    },
    "Северный полюс": {
        "lon": 0,
        "lat": 90
    },
    "Благовещенск": {
        "lon": 127.53639,
        "lat": 50.25778
    },
    "Чернобыль": {
        "lon": 30.21667,
        "lat": 51.26667
    },
    "Санкт-Петербург": {
        "lon": 30.31667,
        "lat": 59.95
    },
    "Сочи": {
        "lon": 39.72028,
        "lat": 43.58528
    },
    "Стокгольм": {
        "lon": 18.06667,
        "lat": 59.33333
    },
    "Запорожье": {
        "lon": 35.13833,
        "lat": 47.83778
    },
    "Ижевск": {
        "lon": 53.21222,
        "lat": 56.85306
    },
    "Могилёв": {
        "lon": 30.35,
        "lat": 53.91667
    },
    "Смоленск": {
        "lon": 32.04528,
        "lat": 54.78278
    },
    "Орша": {
        "lon": 30.4,
        "lat": 54.5
    },
    "Ленинград": {
        "lon": 30.319061,
        "lat": 59.930248
    },
    "Ницца": {
        "lon": 7.27139,
        "lat": 43.69583
    },
    "Пицунда": {
        "lon": 40.33333,
        "lat": 43.16667
    },
    "Буффало": {
        "lon": -78.878262,
        "lat": 42.886433
    },
    "Варшава": {
        "lon": 21.03333,
        "lat": 52.21667
    },
    "Вичуга": {
        "lon": 41.91667,
        "lat": 57.2
    },
    "Магадан": {
        "lon": 150.8,
        "lat": 59.56667
    },
    "Нур-Султан": {
        "lon": 71.43333,
        "lat": 51.13333
    },
    "Мюнхен": {
        "lon": 11.5755,
        "lat": 48.137194
    },
    "Ереван": {
        "lon": 44.51667,
        "lat": 40.18333
    },
    "Кременчуг": {
        "lon": 33.42389,
        "lat": 49.0775
    },
    "Рейкьявик": {
        "lon": -21.88333,
        "lat": 64.15
    },
    "Ханой": {
        "lon": 105.81667,
        "lat": 21.1
    },
    "Женева": {
        "lon": 6.14167,
        "lat": 46.20833
    },
    "Рим": {
        "lon": 12.5,
        "lat": 41.9
    },
    "Нью-Йорк": {
        "lon": -73.99417,
        "lat": 40.72833
    },
    "Инсбрук": {
        "lon": 11.38333,
        "lat": 47.26667
    },
    "Казань": {
        "lon": 49.11444,
        "lat": 55.79083
    },
    "Сантьяго": {
        "lon": -70.66667,
        "lat": -33.45
    },
    "Северодвинск": {
        "lon": 39.85,
        "lat": 64.56667
    },
    "Минск": {
        "lon": 27.55,
        "lat": 53.91667
    },
    "Севастополь": {
        "lon": 33.53333,
        "lat": 44.6
    },
    "Берлин": {
        "lon": 13.38333,
        "lat": 52.51667
    },
    "Ростов Великий": {
        "lon": 39.41667,
        "lat": 57.18333
    },
    "Париж": {
        "lon": 2.33333,
        "lat": 48.83333
    },
    "Эр-Рияд": {
        "lon": 46.71,
        "lat": 24.65
    },
    "Находка": {
        "lon": 76.9,
        "lat": 43.25
    },
    "Саратов": {
        "lon": 46,
        "lat": 51.53333
    },
    "Будапешт": {
        "lon": 19.08333,
        "lat": 47.51667
    },
    "Душанбе": {
        "lon": 68.78639,
        "lat": 38.57306
    },
    "Белград": {
        "lon": 20.46667,
        "lat": 44.81667
    },
    "Ашхабад": {
        "lon": 58.38333,
        "lat": 37.95
    },
    "Южно-Курильск": {
        "lon": 142.6,
        "lat": 50.55
    },
    "Дубна": {
        "lon": 25.735,
        "lat": 50.39306
    },
    "Дели": {
        "lon": 77.2,
        "lat": 28.7
    },
    "Вашингтон": {
        "lon": -77.03667,
        "lat": 38.895
    },
    "Вена": {
        "lon": 16.37333,
        "lat": 48.21667
    },
    "Грозный": {
        "lon": 45.7,
        "lat": 43.31667
    },
    "Адис-Абеба": {
        "lon": 38.726911,
        "lat": 8.993335
    },
    "Волгоград": {
        "lon": 44.51389,
        "lat": 48.71167
    },
    "Горький": {
        "lon": 44.0075,
        "lat": 56.32694
    },
    "Днепропетровск": {
        "lon": 35.01815514,
        "lat": 48.46660081
    },
    "Вильнюс": {
        "lon": 25.28333,
        "lat": 54.68333
    },
    "Мехико": {
        "lon": -99.14556,
        "lat": 19.41944
    },
    "Нижний Новгород": {
        "lon": 44.0075,
        "lat": 56.32694
    },
    "Сеул": {
        "lon": 127,
        "lat": 37.58333
    },
    "Полоцк": {
        "lon": 28.83333333,
        "lat": 55.5
    },
    "Витебск": {
        "lon": 30.16667,
        "lat": 55.18333
    },
    "Воронеж": {
        "lon": 39.21056,
        "lat": 51.67167
    },
    "Гданьск": {
        "lon": 18.66666667,
        "lat": 54.35
    },
    "Свердловск": {
        "lon": 60.9775,
        "lat": 56.71056
    },
    "Тольятти": {
        "lon": 49.257625,
        "lat": 53.560322
    },
    "Нью-Дели": {
        "lon": 77.2,
        "lat": 28.7
    },
    "Лондон": {
        "lon": -0.1275,
        "lat": 51.50722
    },
    "Каир": {
        "lon": 31.23944,
        "lat": 30.05611
    },
    "Рига": {
        "lon": 24.10694,
        "lat": 56.9475
    },
    "Солнечный берег": {
        "lon": 35.23333,
        "lat": 31.78333
    },
    "Бразилиа": {
        "lon": -47.86667,
        "lat": -15.79889
    },
    "Евпатория": {
        "lon": 37.01667,
        "lat": 39.75
    },
    "Нанкин": {
        "lon": 118.76667,
        "lat": 32.05
    },
    "Даллас": {
        "lon": -96.7975,
        "lat": 32.7825
    },
    "Турин": {
        "lon": 7.7,
        "lat": 45.06667
    },
    "Колорадо-Спрингс": {
        "lon": -97.75,
        "lat": 30.25
    },
    "Кашмир": {
        "lon": 78.31056,
        "lat": 21.12556
    },
    "Москва": {
        "lon": 37.61778,
        "lat": 55.75583
    },
    "Асуан": {
        "lon": 32.8997306,
        "lat": 24.0889194
    },
    "Мадрид": {
        "lon": -3.68333,
        "lat": 40.4
    },
    "Бразилия": {
        "lon": -55,
        "lat": -10
    },
    "Тегусигальпа": {
        "lon": -87.20667,
        "lat": 14.09417
    },
    "Пхеньян": {
        "lon": 125.73,
        "lat": 39.03
    },
    "Асунсьон": {
        "lon": -57.63333,
        "lat": -25.3
    },
    "Медвежьегорск": {
        "lon": 34.45,
        "lat": 62.91667
    },
    "Семипалатинск": {
        "lon": 80.2275,
        "lat": 50.41111
    },
    "Магнитогорск": {
        "lon": 59.03333,
        "lat": 53.38333
    },
    "Ванкувер, штат Вашингтон": {
        "lon": -122.60278,
        "lat": 45.63361
    },
    "Киев": {
        "lon": 30.51667,
        "lat": 50.45
    },
    "Тавда, Свердловская область": {
        "lon": 61.33333,
        "lat": 58.7
    },
    "Мичуринск": {
        "lon": 40.49278,
        "lat": 52.89222
    },
    "Выборг": {
        "lon": 28.74417,
        "lat": 60.70917
    },
    "Пермь": {
        "lon": 56.24889,
        "lat": 58.01389
    },
    "Гавана": {
        "lon": -82.38333,
        "lat": 23.11667
    },
    "Тель-Авив": {
        "lon": 34.8,
        "lat": 32.08333
    },
    "Калининград": {
        "lon": 20.5,
        "lat": 54.71667
    },
    "Челябинск": {
        "lon": 61.40306,
        "lat": 55.16222
    },
    "Гаага": {
        "lon": 4.3175,
        "lat": 52.08417
    },
    "Афины": {
        "lon": 23.71667,
        "lat": 38
    },
    "Новочеркасск": {
        "lon": 40.09861,
        "lat": 47.43583
    },
    "Хельсинки": {
        "lon": 24.94861,
        "lat": 60.17333
    },
    "Тоцк": {
        "lon": 52.80917,
        "lat": 52.64233
    },
    "Флоренция": {
        "lon": 11.25,
        "lat": 43.78333
    },
    "Вюрцбург": {
        "lon": 9.92944,
        "lat": 49.79444
    },
    "Ла-Игера, Боливия": {
        "lon": -64.21667,
        "lat": -18.78333
    },
    "Обнинск": {
        "lon": 36.61667,
        "lat": 55.1
    },
    "Каобанг": {
        "lon": 106,
        "lat": 22.66667
    },
    "Брюссель": {
        "lon": 4.3525,
        "lat": 50.84667
    },
    "Целиноград": {
        "lon": 71.43333,
        "lat": 51.13333
    },
    "Тула": {
        "lon": 37.61667,
        "lat": 54.2
    },
    "Гляйвиц": {
        "lon": 18.66667,
        "lat": 50.28333
    },
    "Харьков": {
        "lon": 36.21667,
        "lat": 50
    },
    "Нарва": {
        "lon": 28.18333,
        "lat": 59.36667
    },
    "Мукден": {
        "lon": 123.42583,
        "lat": 41.80389
    },
    "Ханакин": {
        "lon": 45.38333,
        "lat": 34.33333
    },
    "Львов": {
        "lon": 24,
        "lat": 49.83333
    },
    "Симферополь": {
        "lon": 34.10417,
        "lat": 44.94806
    },
    "Пекин": {
        "lon": 116.39139,
        "lat": 39.905
    },
    "Кижи": {
        "lon": 35.22333,
        "lat": 62.0675
    },
    "Голливуд": {
        "lon": -118.32139,
        "lat": 34.13389
    },
    "Луганск": {
        "lon": 39.33333,
        "lat": 48.58333
    },
    "Гамбург": {
        "lon": 10,
        "lat": 53.55
    },
    "Оренбург": {
        "lon": 55.1,
        "lat": 51.76667
    },
    "Катманду": {
        "lon": 85.36667,
        "lat": 27.71667
    },
    "Мельбурн": {
        "lon": 144.96139,
        "lat": -37.82056
    },
    "Одесса": {
        "lon": 30.72778,
        "lat": 46.48611
    },
    "Биробиджан": {
        "lon": 132.93333,
        "lat": 48.78333
    },
    "Сухуми": {
        "lon": 41.01528,
        "lat": 43.00333
    },
    "Байконур": {
        "lon": 63.30778,
        "lat": 45.96611
    },
    "Ташкент": {
        "lon": 69.26667,
        "lat": 41.3
    },
    "Тбилиси": {
        "lon": 44.8,
        "lat": 41.71667
    },
    "Керчь": {
        "lon": 36.46806,
        "lat": 45.33861
    },
    "Канны": {
        "lon": 7.01278,
        "lat": 43.55139
    },
    "Дрезден": {
        "lon": 13.7383611,
        "lat": 51.0492583
    },
    "Нюрнберг": {
        "lon": 11.07778,
        "lat": 49.45278
    },
    "Иерусалим": {
        "lon": 35.23333,
        "lat": 31.78333
    },
    "Краков": {
        "lon": 19.95,
        "lat": 50.06667
    },
    "Мыс Канаверал": {
        "lon": -80.5528,
        "lat": 28.475
    },
    "Кабул": {
        "lon": 69.16583,
        "lat": 34.53278
    },
    "Озеро Хасан": {
        "lon": 130.6072,
        "lat": 42.4525
    },
    "Самара": {
        "lon": 50.11667,
        "lat": 53.18333
    },
    "Кишинев": {
        "lon": 28.8575,
        "lat": 47.00556
    },
    "Милан": {
        "lon": 9.16667,
        "lat": 45.46667
    },
    "деревня Новосёлово Владимирской области.": {
        "lon": 39.05,
        "lat": 56.06667
    },
    "Порт-Саид": {
        "lon": 32.28333,
        "lat": 31.25
    },
    "Южно-Сахалинск": {
        "lon": 142.73333,
        "lat": 46.95
    },
    "Лиссабон": {
        "lon": -9.16667,
        "lat": 38.71667
    },
    "Ульяновск": {
        "lon": 48.36667,
        "lat": 54.31667
    },
    "Набережные Челны": {
        "lon": 52.33333,
        "lat": 55.7
    },
    "Новосибирск": {
        "lon": 82.91667,
        "lat": 55.01667
    },
    "Комсомольск-на-Амуре": {
        "lon": 137,
        "lat": 50.55
    },
    "Иркутск": {
        "lon": 104.3,
        "lat": 52.28333
    },
    "Кунцево": {
        "lon": 37.5797,
        "lat": 55.7604
    },
    "Монреаль": {
        "lon": -73.56166667,
        "lat": 45.50888889
    },
    "Фултон": {
        "lon": -91.81444,
        "lat": 36.38861
    },
    "Плайя-Хирон": {
        "lon": -81.1,
        "lat": 22.13
    },
    "Халхин-Гол": {
        "lon": 118.630713,
        "lat": 47.678498
    },
    "Бийка, респ. Алтай": {
        "lon": 87.3907,
        "lat": 51.5531
    },
    "Куйбышев": {
        "lon": 50.115288,
        "lat": 53.128763
    },
    "Место потопления Челюскина": {
        "lon": -172.494,
        "lat": 68.1805
    },
    "Гомель": {
        "lon": 31,
        "lat": 52.44167
    },
    "Крайова": {
        "lon": 23.81667,
        "lat": 44.33333
    },
    "Кассибиле": {
        "lon": 15.19,
        "lat": 36.9478
    },
    "Касабланка": {
        "lon": -7.62,
        "lat": 33.59917
    },
    "Компьенский лес": {
        "lon": 2.88333,
        "lat": 49.38
    },
    "Токийский залив": {
        "lon": 139.7833,
        "lat": 35.4167
    },
    "Ялта": {
        "lon": 34.15528,
        "lat": 44.49944
    },
    "Германия": {
        "lon": 9.917,
        "lat": 51.517
    },
    "Манила": {
        "lon": 121,
        "lat": 14.58333
    },
    "Куба": {
        "lon": -79.01667,
        "lat": 22.01667
    },
    "Корейский полуостров": {
        "lon": 127.5,
        "lat": 38
    },
    "Потсдам": {
        "lon": 13.06667,
        "lat": 52.4
    },
    "Греция": {
        "lon": 23.74111,
        "lat": 38.30111
    },
    "Австрия": {
        "lon": 13.65,
        "lat": 47.43333
    },
    "Тегеран": {
        "lon": 51.41667,
        "lat": 35.7
    },
    "Марсель": {
        "lon": 5.37,
        "lat": 43.29639
    },
    "Сан-Франциско": {
        "lon": -122.43333,
        "lat": 37.76667
    },
    "Китай": {
        "lon": 103.08333,
        "lat": 32.8
    },
    "Франция": {
        "lon": 2.56667,
        "lat": 46.85
    },
    "Панама": {
        "lon": -79.7,
        "lat": 9.15
    },
    "Ньон": {
        "lon": 6.2039558,
        "lat": 46.3832997
    },
    "д. Акинино-Баклаши": {
        "lon": 104.04083,
        "lat": 52.22444
    },
    "д. Вородьково": {
        "lon": 31.53194,
        "lat": 53.59278
    },
    "Ровно": {
        "lon": 26.25139,
        "lat": 50.61972
    },
    "р. Нарев": {
        "lon": 36.73333,
        "lat": 55.38333
    },
    "Сталинград": {
        "lon": 44.51666667,
        "lat": 48.7
    },
    "п. Кесова Гора": {
        "lon": 37.275667,
        "lat": 57.470758
    },
    "Молодечно": {
        "lon": 26.85167,
        "lat": 54.31361
    },
    "д. Станьково": {
        "lon": 27.22417,
        "lat": 53.63083
    },
    "Село Корощине": {
        "lon": 27.54417,
        "lat": 51.21667
    },
    "Коломна": {
        "lon": 38.76806,
        "lat": 55.09389
    },
    "Ленкорань": {
        "lon": 48.85111,
        "lat": 38.75361
    },
    "Ленинградская область": {
        "lon": 31.75,
        "lat": 60.05
    },
    "г. Сандомир": {
        "lon": 21.75,
        "lat": 50.68333
    },
    "с. Кантемировка": {
        "lon": 39.85361,
        "lat": 49.70167
    },
    "Узункольский район Костанайской области": {
        "lon": 65.78333,
        "lat": 54.28333
    },
    "д. Яруново": {
        "lon": 38.92722,
        "lat": 59.50139
    },
    "д. Дуброва Гомельской области": {
        "lon": 28.88333,
        "lat": 52.68333
    },
    "Загорск": {
        "lon": 38.13333,
        "lat": 56.3
    },
    "Великолукский район": {
        "lon": 30.51667,
        "lat": 56.35
    },
    "Подольск": {
        "lon": 37.54444,
        "lat": 55.42972
    },
    "г. Королёв Московской обл.": {
        "lon": 37.81667,
        "lat": 55.91667
    },
    "Туркестанская АССР": {
        "lon": 69.21667,
        "lat": 41.26667
    },
    "Россошь": {
        "lon": 39.58333,
        "lat": 50.2
    },
    "станица Аксайская": {
        "lon": 39.86667,
        "lat": 47.26667
    },
    "д. Куракино": {
        "lon": 46.13333511,
        "lat": 54.95000076
    },
    "Гдыня": {
        "lon": 18.53333,
        "lat": 54.5
    },
    " Царицын": {
        "lon": 44.51389,
        "lat": 48.71167
    },
    "с. Полозово": {
        "lon": 36.9681236,
        "lat": 53.1764413
    },
    "Екатеринослав": {
        "lon": 35.01815514,
        "lat": 48.46660081
    },
    "Шарапкино": {
        "lon": 39.65475,
        "lat": 48.075389
    },
    "Шуя": {
        "lon": 41.36667,
        "lat": 56.85
    },
    "Сарагоса": {
        "lon": -0.9,
        "lat": 41.65
    },
    "Змиёв": {
        "lon": 36.3558,
        "lat": 49.6878
    },
    "слобода Голодаевка": {
        "lon": 38.90833,
        "lat": 47.81833
    },
    "Большое Уварово": {
        "lon": 38.56556,
        "lat": 54.94778
    },
    "д. Коноплянка": {
        "lon": 46.4625,
        "lat": 54.07417
    },
    "c. Фёдоровка": {
        "lon": 31.78333,
        "lat": 47.31667
    },
    "Крым": {
        "lon": 34,
        "lat": 45.4
    },
    "деревня Пахотино": {
        "lon": 39.88333,
        "lat": 59.51667
    },
    "г. Клины": {
        "lon": 36.7125,
        "lat": 56.33389
    },
    "с. Добровольное": {
        "lon": 37.443,
        "lat": 55.824
    },
    "д. Стрелковка Малоярославецкого у. Калужской губерния": {
        "lon": 36.68333,
        "lat": 55.01667
    },
    "Щелково": {
        "lon": 38,
        "lat": 55.91667
    },
    "Петроград": {
        "lon": 30.31667,
        "lat": 59.95
    },
    "Тульская обл.": {
        "lon": 36.25,
        "lat": 54.1
    },
    "Чебоксары": {
        "lon": 47.23333,
        "lat": 56.11667
    },
    "д. Лодейно": {
        "lon": 33.55,
        "lat": 60.73333
    },
    "Кингисепп": {
        "lon": 28.6,
        "lat": 59.36667
    },
    "Черкассы": {
        "lon": 51.43333,
        "lat": 53.45
    },
    "Ковров": {
        "lon": 41.31972,
        "lat": 56.36056
    },
    "Лиепая": {
        "lon": 21.01111,
        "lat": 56.50833
    },
    "д. Ильсов Черниговская губерния": {
        "lon": 30.3463,
        "lat": 59.952
    },
    "\r\nБаренцево море": {
        "lon": 38,
        "lat": 75
    },
    "г.Сандомир": {
        "lon": 21.75,
        "lat": 50.68333
    },
    "Тамбов": {
        "lon": 41.01528,
        "lat": 43.00333
    },
    "г. Невель": {
        "lon": 29.25,
        "lat": 57.31667
    },
    "ст. Преображенская": {
        "lon": 30.51667,
        "lat": 50.45
    },
    "Никополь": {
        "lon": 24.9,
        "lat": 43.7
    },
    "\r\nСинявино": {
        "lon": 34.34917,
        "lat": 61.79611
    },
    "Ладожское озеро": {
        "lon": 35.5189,
        "lat": 61.6428
    },
    "д. Семибратское": {
        "lon": 38.78333,
        "lat": 55.08333
    },
    "с.Новая Гольчиха": {
        "lon": 92.871295,
        "lat": 56.012083
    },
    "с. Малая Чернявка": {
        "lon": 27.56667,
        "lat": 53.9
    },
    "д. Чернушки": {
        "lon": 55.96667,
        "lat": 54.73333
    },
    "г. Борисов": {
        "lon": 28.5,
        "lat": 54.23333
    },
    "Васильков": {
        "lon": 30.51667,
        "lat": 50.45
    },
    "Ливадия": {
        "lon": 34.1468,
        "lat": 44.4775
    },
    "д. Фелисово": {
        "lon": 41.388361,
        "lat": 57.760972
    },
    "Майбалык": {
        "lon": 71.43333,
        "lat": 51.13333
    },
    "д. Варваровка": {
        "lon": 32.88333,
        "lat": 51.33333
    },
    "Александрия": {
        "lon": 29.91667,
        "lat": 31.2
    },
    "Никольское": {
        "lon": 48.05806,
        "lat": 57.38056
    },
    "Курск": {
        "lon": 36.18333,
        "lat": 51.71667
    },
    "с. Верхнее": {
        "lon": -87,
        "lat": 48
    },
    "дер. Житница": {
        "lon": 45.71667,
        "lat": 41.75
    },
    "Зарайск": {
        "lon": 39.025,
        "lat": 54.96667
    },
    "г. Ромны": {
        "lon": 34,
        "lat": 51
    },
    "Зырянка": {
        "lon": 83.0846,
        "lat": 54.8188
    },
    "Барнаул": {
        "lon": 83.77833,
        "lat": 53.347361
    },
    "Котка": {
        "lon": 26.94583,
        "lat": 60.46667
    },
    "с. Котельва": {
        "lon": 34,
        "lat": 49.5
    },
    "д. Крюково": {
        "lon": 37.190417,
        "lat": 55.997917
    },
    "Станция Путивль": {
        "lon": 39.06667,
        "lat": 50.86667
    },
    "Ржев": {
        "lon": 34.3275694,
        "lat": 56.2655833
    },
    "Волосово": {
        "lon": 35.36278,
        "lat": 56.27333
    },
    "село Дмитровка": {
        "lon": 37.60583,
        "lat": 55.76889
    },
    "с. Дмитровка": {
        "lon": 37.60583,
        "lat": 55.76889
    },
    " \r\nПтахино": {
        "lon": 42.73333,
        "lat": 49.58333
    },
    "г. Великие Луки": {
        "lon": 30.51667,
        "lat": 56.35
    },
    "с. Вендичаны": {
        "lon": 28.83333,
        "lat": 49.71667
    },
    "Алупка": {
        "lon": 34.15528,
        "lat": 44.49944
    },
    "посёлок Зайково": {
        "lon": 35.68528,
        "lat": 57.4325
    },
    "Полбино": {
        "lon": 48.36667,
        "lat": 54.31667
    },
    "Алма-Ата": {
        "lon": 76.9,
        "lat": 43.25
    },
    "Бреслау (Вроцлав)": {
        "lon": 17.03333,
        "lat": 51.11667
    },
    "с. Солдатское": {
        "lon": 24.10694,
        "lat": 56.9475
    },
    "Дубоссары": {
        "lon": 29.15639,
        "lat": 47.26667
    },
    " Луганск": {
        "lon": 39.33333,
        "lat": 48.58333
    },
    "Белая Церковь": {
        "lon": 30.11667,
        "lat": 49.79556
    },
    " с. Михайловское Михайловской волости": {
        "lon": 45.67528,
        "lat": 56.18056
    },
    "Минская губерния": {
        "lon": 27.55,
        "lat": 53.91667
    },
    "с. Глухи": {
        "lon": 33.90778143,
        "lat": 51.67645759
    },
    "Осино-Гай ": {
        "lon": 37.40895,
        "lat": 55.7002056
    },
    "Конь-Колодезь": {
        "lon": 84.996,
        "lat": 56.465
    },
    "Станица Ахтанизовская": {
        "lon": 36.71667,
        "lat": 45.21667
    },
    "с. Серебряные Пруды": {
        "lon": 37.6444,
        "lat": 55.7611
    },
    "г. Камышин": {
        "lon": 45.4,
        "lat": 50.08333
    },
    "село Речки": {
        "lon": 30.14583,
        "lat": 50.50028
    },
    "Восточная Пруссия": {
        "lon": 20.48333,
        "lat": 54.73333
    },
    "Каменец-Подольский": {
        "lon": 26.58056,
        "lat": 48.68056
    },
    "Шолохово": {
        "lon": 29.64333,
        "lat": 46.84028
    },
    "с. Матвеевка": {
        "lon": 32.55,
        "lat": 49.05
    },
    "село Борис-Романовка": {
        "lon": 28.96667,
        "lat": 46.33333
    },
    "Барановичи": {
        "lon": 25.98333,
        "lat": 53.11667
    },
    "Шуша": {
        "lon": 46.75,
        "lat": 39.75
    },
    "с. Полутино": {
        "lon": 41.39722,
        "lat": 54.95
    },
    " деревня Пальцево": {
        "lon": 34.236645,
        "lat": 57.861168
    },
    "Пруссия": {
        "lon": 20.48333,
        "lat": 54.73333
    },
    "д. Егорьевка": {
        "lon": 51.900123,
        "lat": 38.739864
    },
    "дер. Бобково Московской губ.": {
        "lon": 55.167627,
        "lat": 39.267733
    },
    "Желязна - Гура (Польша)": {
        "lon": 54.390032,
        "lat": 20.034389
    },
    "с. Новокрасновка": {
        "lon": 47.932617,
        "lat": 39.291134
    },
    "дер. Хромицкое": {
        "lon": 53.4004,
        "lat": 27.3011
    },
    "с. Ображиевка Глуховского у. Черниговской губ.": {
        "lon": 51.911532,
        "lat": 33.410043
    },
    "C. Чеберяки": {
        "lon": 50.585155,
        "lat": 33.27977
    },
    "д. Брынчаги Угличского у. Ярославской губ.": {
        "lon": 57.009284,
        "lat": 38.583612
    },
    "пос. Озаричи Гомельская обл.": {
        "lon": 52.461604,
        "lat": 29.262315
    },
    "д. Илякшиде": {
        "lon": 55.296518,
        "lat": 54.58629
    },
    "с. Тютняры": {
        "lon": 55.479847,
        "lat": 60.600295
    },
    "с. Киевское": {
        "lon": 45.038114,
        "lat": 37.889645
    },
    "г. Керчь": {
        "lon": 45.356219,
        "lat": 36.467378
    },
    "Чардахлы": {
        "lon": 45.87417,
        "lat": 40.75139
    },
    "с. Любохна": {
        "lon": 34.36667,
        "lat": 53.5
    },
    "Святск": {
        "lon": 23.6636111,
        "lat": 53.7977806
    },
    "Бежица": {
        "lon": 34.30833,
        "lat": 53.30833
    },
    "пос. Щегловка": {
        "lon": 37.96111,
        "lat": 48.05556
    },
    "Искорость": {
        "lon": 28.65472,
        "lat": 50.91611
    },
    "с. Малокирсановка": {
        "lon": 38.5248389,
        "lat": 47.4682861
    },
    "Новороссийск": {
        "lon": 37.76667,
        "lat": 44.71667
    },
    "Чернигов": {
        "lon": 31.3,
        "lat": 51.5
    },
    "Белгород": {
        "lon": 36.6,
        "lat": 50.6
    },
    " Старый Батакоюрт": {
        "lon": 44.53722,
        "lat": 43.37639
    },
    "Славянск": {
        "lon": 37.625,
        "lat": 48.87
    },
    "деревня Первое Колесово": {
        "lon": 38.857077,
        "lat": 52.472373
    },
    "Трубчевск": {
        "lon": 33.76667,
        "lat": 52.58333
    },
    "с. Малый Выстороп": {
        "lon": 34.80785893,
        "lat": 50.63357913
    },
    "с. Гришово": {
        "lon": 35.754806,
        "lat": 54.496611
    },
    "Голая Пристань": {
        "lon": 32.51667,
        "lat": 46.51667
    },
    "Малоархангельск": {
        "lon": 36.5,
        "lat": 52.4
    },
    "Кустанай": {
        "lon": 63.634194,
        "lat": 53.219333
    },
    "с. Войново Орловской губ.": {
        "lon": 35.687237,
        "lat": 53.499712
    },
    "с. Большое Козино": {
        "lon": 43.71611,
        "lat": 56.40417
    },
    "Кёнегсберг": {
        "lon": 20.5,
        "lat": 54.71667
    },
    "Ракишки": {
        "lon": 25.5807028,
        "lat": 55.9615778
    },
    "Толочинский район": {
        "lon": 29.63333,
        "lat": 54.18333
    },
    "село Нехайки": {
        "lon": 31.94417,
        "lat": 49.99444
    },
    "Анапа": {
        "lon": 37.31667,
        "lat": 44.89444
    },
    "Новониколаевск": {
        "lon": 105.0913278,
        "lat": 53.1525306
    },
    "Новгород-Волынский": {
        "lon": 27.63333,
        "lat": 50.58333
    },
    " Рождественское (ныне — Поворинского района Воронежской области)": {
        "lon": 42.3087,
        "lat": 49.6073
    },
    "Иванисово": {
        "lon": 38.8561528,
        "lat": 56.7381333
    },
    "Степное": {
        "lon": 76.9,
        "lat": 43.25
    },
    "село Лапоть": {
        "lon": 50.086095,
        "lat": 45.401194
    },
    "дер. Гилёва": {
        "lon": 56.603081,
        "lat": 61.239096
    },
    "Изюм": {
        "lon": 49.191274,
        "lat": 37.278279
    },
    "Устиновская волость": {
        "lon": 48.510363,
        "lat": 32.266371
    },
    "с. Усть-Усолка Соликамского уезда Пермской губернии": {
        "lon": 59.774661,
        "lat": 56.75759
    },
    "с. Иванищинские Горки": {
        "lon": 56.576014,
        "lat": 35.24496
    },
    "с. Большая Кочетовка": {
        "lon": 40.481361,
        "lat": 52.960778
    },
    "д. Кунакбаево": {
        "lon": 59.30806,
        "lat": 54.33889
    },
    "д. Внуковичи": {
        "lon": 52.617143,
        "lat": 31.909345
    },
    "Село Орман (ныне Фурмановка) Одесская область": {
        "lon": 44.758446,
        "lat": 33.743929
    },
    "деревня Мартыново ныне Кунгурского района Пермского края": {
        "lon": 57.597017,
        "lat": 56.609069
    },
    "кладбище посёлка Бобровский Сысертского городского округа Свердловской области": {
        "lon": 56.679986,
        "lat": 60.970836
    },
    "с. Рацулово": {
        "lon": 46.55783,
        "lat": 33.481729,
        "isNotFound": true
    },
    "Хохлы": {
        "lon": 55.240735,
        "lat": 63.480758
    },
    "х. Сулимин": {
        "lon": 49.577406,
        "lat": 34.568991,
        "isNotFound": true
    },
    "д Войлово": {
        "lon": 56.480758,
        "lat": 35.576932
    },
    "с. Тепловка": {
        "lon": 52.069972,
        "lat": 46.130727
    },
    "с. Степное": {
        "lon": 51.377801,
        "lat": 46.84416
    },
    "Кошелёво": {
        "lon": 52.745977,
        "lat": 30.606247
    },
    "д. Филенево": {
        "lon": 54.269036,
        "lat": 36.164433
    },
    "Голубовка": {
        "lon": 48.887103,
        "lat": 35.324862
    },
    "Боровцы": {
        "lon": 53.599714,
        "lat": 25.825393
    },
    "д. Синчуваж": {
        "lon": 57.55769,
        "lat": 46.546512
    },
    "хутор Новокузнецовка": {
        "lon": 40.3127,
        "lat": 46.5448
    },
    "деревня Агарино": {
        "lon": 54.838284,
        "lat": 38.149657
    },
    "Сетуха": {
        "lon": 52.950862,
        "lat": 36.779355
    },
    "с. Голяевка": {
        "lon": 52.640666,
        "lat": 43.454217
    },
    "Мощиново": {
        "lon": 54.481678,
        "lat": 31.856843
    },
    "д. Куповать": {
        "lon": 54.803868,
        "lat": 29.699657
    },
    "C. Чеберяки. Роменский р-н Сумской области": {
        "lon": 50.586932,
        "lat": 33.280687
    },
    "д. Прокофьево": {
        "lon": 56.646163,
        "lat": 43.473017
    },
    "Александров Дар": {
        "lon": 47.799253,
        "lat": 33.242644
    },
    "с. Жорнище": {
        "lon": 49.063055,
        "lat": 29.087285
    },
    "Сербиновка": {
        "lon": 50.095796,
        "lat": 32.291921
    },
    "Боркино": {
        "lon": 57.3072,
        "lat": 47.869561
    },
    "  д. Дилялево Вологодског у. Вологодской губ.": {
        "lon": 59.713697,
        "lat": 39.173096
    },
    "с. Гришино": {
        "lon": 48.326845,
        "lat": 37.077473
    },
    "с. Анастасьевка Сумской обл.": {
        "lon": 50.582656,
        "lat": 33.552502
    },
    "д. Клюшниково Ковройского у. Владимирской губ.": {
        "lon": 56.174241,
        "lat": 41.191253
    },
    "с.Хмелёвка": {
        "lon": 50.261259,
        "lat": 27.373993
    },
    "деревня Декшяны": {
        "lon": 54.168072,
        "lat": 27.194133
    },
    "д. Горбачёво": {
        "lon": 53.94138,
        "lat": 36.687492
    },
    "Богдановка": {
        "lon": 50.222241,
        "lat": 32.013295
    },
    "Орел": {
        "lon": 52.974381,
        "lat": 36.085678
    },
    "п. Алмазная": {
        "lon": 48.516742,
        "lat": 38.583335
    },
    "посёлок Барбыш": {
        "lon": 53.230655,
        "lat": 50.200325
    },
    "село Малая Ничка": {
        "lon": 53.629708,
        "lat": 92.034072
    },
    "Лоцманская Каменка": {
        "lon": 35.07778,
        "lat": 48.39667
    },
    "Оксанино": {
        "lon": 30.5475,
        "lat": 48.69139
    },
    "Брянск (Еленский лес)": {
        "lon": 35.09361,
        "lat": 53.46833
    },
    "Ровно; Львов": {
        "lon": 24,
        "lat": 49.83333
    },
    "Сталинград; Антрацит": {
        "lon": 44.51389,
        "lat": 48.71167
    },
    "хутор Муравлёв": {
        "lon": 40.61028,
        "lat": 48.25472
    },
    "Петсамо (Печенга)": {
        "lon": 31.22667,
        "lat": 69.55389
    },
    "Стрельна": {
        "lon": 30.05972,
        "lat": 59.85361
    },
    "село Серебряные Пруды": {
        "lon": 38.72222,
        "lat": 54.46944
    },
    "Котбус": {
        "lon": 14.33417,
        "lat": 51.76056
    },
    "Ташкент; Красноярск; Тамбов; Симферополь": {
        "lon": 43.788306,
        "lat": 52.260639
    },
    "Москва (перезахоронение": {
        "lon": 37.619833,
        "lat": 55.753639
    },
    "Ейск": {
        "lon": 38.27778,
        "lat": 46.71056
    },
    "д. Зайцево": {
        "lon": 37.16111,
        "lat": 55.61528
    },
    "Деревня Слобода": {
        "lon": 37.15848,
        "lat": 54.13683
    },
    " ныне село Коелга в Еткульском районе": {
        "lon": 60.90333,
        "lat": 54.65222
    },
    "Сталинград; Донецк; Ростов-на-Дону": {
        "lon": 39.71056,
        "lat": 47.24056
    },
    " Деревня Дворец": {
        "lon": 29.72861,
        "lat": 53.10194
    }
}